user_id,name,age,status,gender,orientation,essay,relationship_type,aadhaar,email,password
1,Vijay Seth,54,taken,female,straight,Looking for a kind-hearted person who loves traveling within India and learning about different cultures,relationship,123,ady@gmail.com,123
2,Gautam Chowdhury,51,taken,male,homo,Looking for a kind-hearted person who enjoys reading historical novels and writing,relationship,793979148350,gautam.chowdhury@gmail.com,tw9SZpXP
3,Sanjay Reddy,51,taken,female,homo,Looking for a kind-hearted person who is passionate about education and lifelong learning,friendship,804325124819,sanjay.reddy@gmail.com,72hXua2h
4,Gautam Joshi,54,taken,female,homo,Looking for a kind-hearted person who likes cooking traditional Indian dishes and exploring new cuisines,friendship,714670501049,gautam.joshi@gmail.com,CFLeUvUH
5,Lata Malhotra,46,single,male,straight,Looking for a kind-hearted person who enjoys cricket and Bollywood movies,relationship,850018204650,lata.malhotra@gmail.com,a22zQjDX
6,Ajay Paul,41,taken,female,homo,Looking for a kind-hearted person who loves traveling within India and learning about different cultures,friendship,445246444992,ajay.paul@gmail.com,rqzhUNWl
7,Sanjay Singh,36,taken,male,homo,Looking for a kind-hearted person who enjoys reading historical novels and writing,relationship,048023007176,sanjay.singh@gmail.com,AhyTdGas
8,Deepika Mehta,37,single,female,homo,Looking for a kind-hearted person who likes cooking traditional Indian dishes and exploring new cuisines,friendship,991552105480,deepika.mehta@gmail.com,Epn0VeOz
9,Asha Patel,51,single,female,homo,Looking for a kind-hearted person who appreciates classical music and dance performances,relationship,644126515111,asha.patel@gmail.com,9BbXfiGO
10,Geeta Bose,39,single,male,straight,Looking for a kind-hearted person who enjoys cricket and Bollywood movies,relationship,213850769204,geeta.bose@gmail.com,yVmi0mEO
11,Anita Kumar,51,single,female,straight,Looking for a kind-hearted person who enjoys cricket and Bollywood movies,friendship,397090374154,anita.kumar@gmail.com,kdH8LTdL
12,Priya Sharma,58,taken,female,homo,Looking for a kind-hearted person who appreciates classical music and dance performances,relationship,128665737378,priya.sharma@gmail.com,sfHrmOws
13,Rani Bose,51,taken,female,straight,Looking for a kind-hearted person who is a tech enthusiast and enjoys discussing emerging technologies,friendship,221922441954,rani.bose@gmail.com,Skax91gy
14,Ravi Verma,51,taken,female,straight,Looking for a kind-hearted person who appreciates classical music and dance performances,relationship,504891098988,ravi.verma@gmail.com,uoal5gou
15,Anil Das,36,taken,female,homo,Looking for a kind-hearted person who enjoys cricket and Bollywood movies,relationship,570930702375,anil.das@gmail.com,s7CyGWFW
16,Shreya Mishra,36,taken,male,homo,Looking for a kind-hearted person who enjoys cricket and Bollywood movies,friendship,967197262619,shreya.mishra@gmail.com,IRLzkIhT
17,Suresh Chowdhury,56,taken,female,straight,Looking for a kind-hearted person who enjoys reading historical novels and writing,friendship,522864968065,suresh.chowdhury@gmail.com,njbTicuz
18,Anita Malhotra,57,single,male,homo,Looking for a kind-hearted person who has a keen interest in politics and social issues,friendship,980383928135,anita.malhotra@gmail.com,hVbfB0Cz
19,Rani Seth,39,taken,female,straight,Looking for a kind-hearted person who likes cooking traditional Indian dishes and exploring new cuisines,relationship,177029845391,rani.seth@gmail.com,yleHVKoR
20,Ravi Mehta,35,single,male,homo,Looking for a kind-hearted person who appreciates classical music and dance performances,friendship,754804545563,ravi.mehta@gmail.com,JoQVwfTX
21,Rajesh Malhotra,35,single,male,straight,Looking for a kind-hearted person who likes cooking traditional Indian dishes and exploring new cuisines,relationship,768622743751,rajesh.malhotra@gmail.com,R6QSuwQ2
22,Vijay Ali,53,taken,female,homo,Looking for a kind-hearted person who appreciates classical music and dance performances,relationship,335507528179,vijay.ali@gmail.com,pU07oyJk
23,Vijay Iyer,36,single,female,straight,Looking for a kind-hearted person who is passionate about education and lifelong learning,friendship,245953230300,vijay.iyer@gmail.com,YodumvsH
24,Anjali Rao,55,taken,female,straight,Looking for a kind-hearted person who enjoys cricket and Bollywood movies,friendship,954320517946,anjali.rao@gmail.com,n8dV0ZTA
25,Simran Ali,46,single,male,straight,Looking for a kind-hearted person who has a keen interest in politics and social issues,relationship,917130480875,simran.ali@gmail.com,CUBIhpPJ
26,Lata Patel,40,taken,female,homo,Looking for a kind-hearted person who enjoys reading historical novels and writing,relationship,620414781220,lata.patel@gmail.com,DrbWmdzy
27,Neha Chowdhury,57,single,male,straight,Looking for a kind-hearted person who has a keen interest in politics and social issues,friendship,757842444293,neha.chowdhury@gmail.com,DkgERjMm
28,Shreya Joshi,38,taken,male,straight,Looking for a kind-hearted person who has a keen interest in politics and social issues,friendship,898177672506,shreya.joshi@gmail.com,Eg3WP8P3
29,Rani Reddy,57,taken,male,homo,Looking for a kind-hearted person who has a keen interest in politics and social issues,friendship,080061477262,rani.reddy@gmail.com,Jtd1g1aR
30,Suresh Mehta,45,taken,female,homo,Looking for a kind-hearted person who likes cooking traditional Indian dishes and exploring new cuisines,friendship,552627930363,suresh.mehta@gmail.com,3SPU6m2v
31,Meera Verma,58,taken,female,straight,Looking for a kind-hearted person who appreciates classical music and dance performances,friendship,580460351949,meera.verma@gmail.com,1uvBizio
32,Anjali Iyer,51,taken,male,straight,Looking for a kind-hearted person who is active in local community services and social causes,relationship,055373774312,anjali.iyer@gmail.com,jx548Phx
33,Deepika Singh,40,single,male,homo,Looking for a kind-hearted person who is passionate about education and lifelong learning,relationship,233943975576,deepika.singh@gmail.com,pWzAKdXx
34,Priya Kumar,58,single,female,homo,Looking for a kind-hearted person who loves traveling within India and learning about different cultures,relationship,997180733474,priya.kumar@gmail.com,sJ7Mjyrs
35,Asha Das,39,single,male,homo,Looking for a kind-hearted person who has a keen interest in politics and social issues,relationship,790985278560,asha.das@gmail.com,JjG2XeUW
36,Anjali Iyer,54,taken,female,homo,Looking for a kind-hearted person who is a tech enthusiast and enjoys discussing emerging technologies,friendship,449356805627,anjali.iyer@gmail.com,IRHG2uqv
37,Lata Bose,36,single,male,homo,Looking for a kind-hearted person who likes cooking traditional Indian dishes and exploring new cuisines,friendship,484893849823,lata.bose@gmail.com,VKoIBgFk
38,Priya Das,40,taken,female,straight,Looking for a kind-hearted person who enjoys reading historical novels and writing,friendship,895161102578,priya.das@gmail.com,jinm849y
39,Anita Singh,56,taken,male,homo,Looking for a kind-hearted person who loves traveling within India and learning about different cultures,relationship,635470059140,anita.singh@gmail.com,bIgurcP1
40,Meera Mishra,45,single,female,straight,Looking for a kind-hearted person who is active in local community services and social causes,relationship,603803557060,meera.mishra@gmail.com,8MOWkMx7
41,Suresh Reddy,50,single,male,straight,Looking for a kind-hearted person who is a tech enthusiast and enjoys discussing emerging technologies,friendship,627207210211,suresh.reddy@gmail.com,TsdzLPFM
42,Meera Reddy,50,taken,female,straight,Looking for a kind-hearted person who is active in local community services and social causes,friendship,501523076629,meera.reddy@gmail.com,STJNKGJc
43,Manish Mishra,35,single,female,homo,Looking for a kind-hearted person who loves traveling within India and learning about different cultures,relationship,921066167086,manish.mishra@gmail.com,ihG6fOMd
44,Arjun Iyer,43,taken,male,straight,Looking for a kind-hearted person who has a keen interest in politics and social issues,relationship,276758422071,arjun.iyer@gmail.com,mW7b7eRA
45,Suresh Nair,40,taken,male,straight,Looking for a kind-hearted person who is a tech enthusiast and enjoys discussing emerging technologies,friendship,277334546169,suresh.nair@gmail.com,FuhLhXc1
46,Karan Chowdhury,50,taken,female,homo,Looking for a kind-hearted person who is active in local community services and social causes,friendship,606422311043,karan.chowdhury@gmail.com,R85cvfbw
47,Arjun Sharma,37,taken,male,straight,Looking for a kind-hearted person who enjoys reading historical novels and writing,relationship,912663445814,arjun.sharma@gmail.com,RbLqIHwD
48,Ravi Joshi,54,taken,female,straight,Looking for a kind-hearted person who appreciates classical music and dance performances,friendship,239570976012,ravi.joshi@gmail.com,ZhvR5Jem
49,Karan Sharma,38,single,male,homo,Looking for a kind-hearted person who enjoys cricket and Bollywood movies,friendship,087186855399,karan.sharma@gmail.com,CEU42pP9
50,Rani Reddy,53,single,female,straight,Looking for a kind-hearted person who appreciates classical music and dance performances,friendship,164514938510,rani.reddy@gmail.com,D42plqpl
51,Geeta Paul,37,taken,female,straight,Looking for a kind-hearted person who loves traveling within India and learning about different cultures,relationship,485964954857,geeta.paul@gmail.com,htcpDSwB
52,Rahul Verma,53,taken,female,straight,Looking for a kind-hearted person who likes cooking traditional Indian dishes and exploring new cuisines,relationship,184690949150,rahul.verma@gmail.com,YN1etN3R
53,Deepika Mehta,54,single,female,homo,Looking for a kind-hearted person who enjoys cricket and Bollywood movies,relationship,243294730672,deepika.mehta@gmail.com,a4Dutfvr
54,Deepak Sharma,41,single,female,homo,Looking for a kind-hearted person who is passionate about education and lifelong learning,relationship,516755470933,deepak.sharma@gmail.com,hMFG0plL
55,Anil Gupta,54,taken,female,homo,Looking for a kind-hearted person who enjoys reading historical novels and writing,relationship,223018914887,anil.gupta@gmail.com,ZH8nJGwX
56,Pooja Joshi,43,single,male,straight,Looking for a kind-hearted person who is passionate about education and lifelong learning,relationship,008798622142,pooja.joshi@gmail.com,SbOubA4i
57,Lata Ali,35,taken,male,straight,Looking for a kind-hearted person who is a tech enthusiast and enjoys discussing emerging technologies,relationship,512400986072,lata.ali@gmail.com,akcZ9wzd
58,Shreya Joshi,42,single,male,homo,Looking for a kind-hearted person who enjoys cricket and Bollywood movies,friendship,740645578189,shreya.joshi@gmail.com,r2fIvQov
59,Karan Reddy,41,taken,female,straight,Looking for a kind-hearted person who is passionate about education and lifelong learning,friendship,899606945964,karan.reddy@gmail.com,7KZPlUWP
60,Rani Patel,52,single,female,straight,Looking for a kind-hearted person who is passionate about education and lifelong learning,friendship,682716136219,rani.patel@gmail.com,LrSIDxPD
61,Amit Mishra,42,taken,female,homo,Looking for a kind-hearted person who is active in local community services and social causes,friendship,607212479666,amit.mishra@gmail.com,nfcpgZni
62,Ajay Gupta,35,single,female,homo,Looking for a kind-hearted person who appreciates classical music and dance performances,friendship,703581091629,ajay.gupta@gmail.com,ouIbAbIr
63,Deepak Bose,45,single,male,straight,Looking for a kind-hearted person who is active in local community services and social causes,friendship,161263048789,deepak.bose@gmail.com,ntrjyby8
64,Deepika Mehta,59,taken,male,straight,Looking for a kind-hearted person who enjoys cricket and Bollywood movies,friendship,863400271314,deepika.mehta@gmail.com,1GJEnaTp
65,Amit Mehta,59,single,female,straight,Looking for a kind-hearted person who enjoys cricket and Bollywood movies,relationship,804808739445,amit.mehta@gmail.com,1T8ZcIOf
66,Rajesh Chowdhury,52,taken,male,homo,Looking for a kind-hearted person who loves traveling within India and learning about different cultures,relationship,677186337354,rajesh.chowdhury@gmail.com,ym0HhuHd
67,Meera Mehta,57,single,male,homo,Looking for a kind-hearted person who is active in local community services and social causes,friendship,291898092754,meera.mehta@gmail.com,yodS7lFF
68,Amit Gupta,44,taken,female,homo,Looking for a kind-hearted person who practices yoga and meditation for wellness,friendship,456082390921,amit.gupta@gmail.com,BmEntrC7
69,Lata Rao,37,single,male,homo,Looking for a kind-hearted person who appreciates classical music and dance performances,relationship,107225788341,lata.rao@gmail.com,fFCQ9b7w
70,Vijay Ali,41,taken,female,straight,Looking for a kind-hearted person who enjoys cricket and Bollywood movies,friendship,872828198784,vijay.ali@gmail.com,sEYesHjy
71,Suresh Chowdhury,50,single,male,homo,Looking for a kind-hearted person who loves traveling within India and learning about different cultures,friendship,175749154401,suresh.chowdhury@gmail.com,b9kX8E3o
72,Lata Das,50,taken,female,homo,Looking for a kind-hearted person who is active in local community services and social causes,relationship,729277170572,lata.das@gmail.com,iwsiIuiB
73,Shreya Nair,59,single,female,homo,Looking for a kind-hearted person who appreciates classical music and dance performances,friendship,708849356498,shreya.nair@gmail.com,9TYgpp7G
74,Rahul Joshi,54,taken,female,homo,Looking for a kind-hearted person who is active in local community services and social causes,relationship,269946131610,rahul.joshi@gmail.com,ddMNqKM7
75,Nikhil Seth,51,taken,female,homo,Looking for a kind-hearted person who is passionate about education and lifelong learning,friendship,807172526981,nikhil.seth@gmail.com,ZCZJ7LMX
76,Gautam Singh,36,taken,male,straight,Looking for a kind-hearted person who loves traveling within India and learning about different cultures,relationship,453331305095,gautam.singh@gmail.com,KZ98IgAB
77,Anita Gupta,35,single,female,straight,Looking for a kind-hearted person who appreciates classical music and dance performances,relationship,059711323605,anita.gupta@gmail.com,vngK8ve9
78,Ajay Joshi,50,taken,female,homo,Looking for a kind-hearted person who has a keen interest in politics and social issues,relationship,296911302866,ajay.joshi@gmail.com,2b9Au1Lo
79,Arjun Chowdhury,46,single,female,straight,Looking for a kind-hearted person who is a tech enthusiast and enjoys discussing emerging technologies,friendship,313520744352,arjun.chowdhury@gmail.com,ujw53Mea
80,Sanjay Singh,39,taken,male,homo,Looking for a kind-hearted person who is a tech enthusiast and enjoys discussing emerging technologies,relationship,842095120871,sanjay.singh@gmail.com,muzXSu0r
81,Arjun Joshi,39,single,female,homo,Looking for a kind-hearted person who appreciates classical music and dance performances,friendship,780471362479,arjun.joshi@gmail.com,KSFJqIW7
82,Anil Malhotra,57,taken,male,straight,Looking for a kind-hearted person who is active in local community services and social causes,friendship,238603385855,anil.malhotra@gmail.com,kuZ20z9d
83,Asha Patel,43,single,female,straight,Looking for a kind-hearted person who loves traveling within India and learning about different cultures,friendship,441770741158,asha.patel@gmail.com,HZV7rNIO
84,Pooja Nair,43,single,male,homo,Looking for a kind-hearted person who is a tech enthusiast and enjoys discussing emerging technologies,friendship,058752780855,pooja.nair@gmail.com,CZCLPuPm
85,Anita Kumar,37,taken,male,homo,Looking for a kind-hearted person who loves traveling within India and learning about different cultures,relationship,309710100803,anita.kumar@gmail.com,WOq3iOab
86,Shreya Bose,53,single,female,homo,Looking for a kind-hearted person who is a tech enthusiast and enjoys discussing emerging technologies,relationship,956156991196,shreya.bose@gmail.com,7VCGjX57
87,Rani Seth,50,single,male,straight,Looking for a kind-hearted person who is passionate about education and lifelong learning,friendship,072585868177,rani.seth@gmail.com,NuBk2Hh6
88,Anita Paul,50,taken,female,homo,Looking for a kind-hearted person who is active in local community services and social causes,friendship,136335959289,anita.paul@gmail.com,vhWoq7wx
89,Lata Joshi,37,single,female,homo,Looking for a kind-hearted person who is passionate about education and lifelong learning,relationship,156829263764,lata.joshi@gmail.com,SseFRawK
90,Anita Sharma,54,single,female,homo,Looking for a kind-hearted person who is a tech enthusiast and enjoys discussing emerging technologies,friendship,621512547829,anita.sharma@gmail.com,hmh4wQaS
91,Amit Seth,58,single,male,straight,Looking for a kind-hearted person who has a keen interest in politics and social issues,relationship,225060497343,amit.seth@gmail.com,YxIxqetu
92,Arjun Ali,56,taken,male,homo,Looking for a kind-hearted person who has a keen interest in politics and social issues,friendship,371028394131,arjun.ali@gmail.com,N5ETJkZo
93,Deepak Joshi,58,single,female,homo,Looking for a kind-hearted person who is passionate about education and lifelong learning,friendship,135692295217,deepak.joshi@gmail.com,sgYBYQ5e
94,Sunita Reddy,35,taken,female,straight,Looking for a kind-hearted person who has a keen interest in politics and social issues,relationship,402973691644,sunita.reddy@gmail.com,eD1FhjLU
95,Anil Ali,58,single,male,homo,Looking for a kind-hearted person who is a tech enthusiast and enjoys discussing emerging technologies,friendship,585768316508,anil.ali@gmail.com,FVBqEhNy
96,Anita Gupta,54,single,female,homo,Looking for a kind-hearted person who appreciates classical music and dance performances,relationship,812440773692,anita.gupta@gmail.com,iboXcWJ9
97,Amit Malhotra,45,single,female,straight,Looking for a kind-hearted person who is passionate about education and lifelong learning,friendship,599804370853,amit.malhotra@gmail.com,dnOOy529
98,Pooja Bose,51,taken,female,homo,Looking for a kind-hearted person who likes cooking traditional Indian dishes and exploring new cuisines,friendship,844400775311,pooja.bose@gmail.com,XjuJlANb
99,Geeta Chowdhury,42,single,male,straight,Looking for a kind-hearted person who is active in local community services and social causes,friendship,843906254440,geeta.chowdhury@gmail.com,1m0FEpFF
100,Anil Ali,38,single,male,straight,Looking for a kind-hearted person who has a keen interest in politics and social issues,relationship,029341718186,anil.ali@gmail.com,7HkjoqNr
